cracked,filename
0,subset_2_11.png
0,subset_9_53.png
0,subset_42_35.png
0,subset_16_40.png
0,subset_42_45.png
0,subset_1_15.png
0,subset_47_51.png
0,subset_44_30.png
0,subset_33_34.png
0,subset_17_51.png
0,subset_26_55.png
0,subset_10_02.png
0,subset_35_53.png
0,subset_11_10.png
0,subset_23_24.png
0,subset_33_11.png
0,subset_11_03.png
0,subset_27_42.png
0,subset_44_22.png
0,subset_27_40.png
0,subset_33_23.png
0,subset_48_22.png
0,subset_31_55.png
0,subset_10_21.png
0,subset_28_03.png
0,subset_9_25.png
0,subset_23_04.png
0,subset_32_15.png
0,subset_23_02.png
0,subset_3_02.png
0,subset_43_52.png
0,subset_1_32.png
1,subset_24_53.png
0,subset_7_24.png
0,subset_40_25.png
0,subset_29_51.png
0,subset_20_11.png
0,subset_45_41.png
0,subset_34_34.png
0,subset_24_52.png
0,subset_37_13.png
0,subset_8_11.png
0,subset_46_34.png
0,subset_24_00.png
0,subset_52_54.png
0,subset_5_30.png
0,subset_51_01.png
0,subset_18_11.png
0,subset_12_23.png
0,subset_48_25.png
0,subset_6_32.png
0,subset_28_32.png
0,subset_42_23.png
0,subset_15_15.png
0,subset_46_01.png
0,subset_43_03.png
0,subset_46_10.png
0,subset_41_44.png
0,subset_47_24.png
0,subset_5_11.png
0,subset_47_21.png
0,subset_41_34.png
0,subset_8_24.png
0,subset_42_21.png
1,subset_4_54.png
0,subset_6_50.png
0,subset_24_24.png
0,subset_6_44.png
0,subset_12_43.png
1,subset_25_33.png
0,subset_39_33.png
0,subset_42_25.png
0,subset_18_00.png
0,subset_1_01.png
0,subset_49_20.png
0,subset_20_50.png
0,subset_52_33.png
0,subset_31_25.png
0,subset_24_41.png
0,subset_10_43.png
0,subset_8_14.png
1,subset_48_50.png
0,subset_15_25.png
0,subset_28_51.png
0,subset_45_50.png
1,subset_20_51.png
1,subset_0_13.png
1,subset_0_24.png
0,subset_3_04.png
0,subset_33_22.png
0,subset_38_23.png
0,subset_49_13.png
0,subset_29_35.png
0,subset_4_03.png
1,subset_6_00.png
1,subset_3_45.png
0,subset_34_12.png
0,subset_3_05.png
0,subset_32_20.png
0,subset_3_44.png
0,subset_31_34.png
0,subset_21_31.png
0,subset_23_42.png
0,subset_18_41.png
0,subset_41_25.png
0,subset_35_10.png
0,subset_25_30.png
0,subset_23_30.png
0,subset_32_50.png
0,subset_46_23.png
0,subset_35_21.png
0,subset_28_12.png
0,subset_25_50.png
0,subset_5_41.png
0,subset_4_30.png
0,subset_41_22.png
0,subset_39_15.png
0,subset_0_22.png
0,subset_18_33.png
0,subset_11_12.png
0,subset_52_20.png
0,subset_49_41.png
0,subset_25_31.png
0,subset_5_51.png
0,subset_9_55.png
0,subset_10_32.png
0,subset_45_00.png
0,subset_33_04.png
0,subset_44_40.png
0,subset_30_30.png
0,subset_27_55.png
0,subset_8_30.png
0,subset_24_50.png
0,subset_18_21.png
0,subset_23_22.png
0,subset_49_24.png
0,subset_38_33.png
0,subset_18_40.png
0,subset_42_02.png
0,subset_6_04.png
1,subset_25_14.png
0,subset_1_11.png
0,subset_30_01.png
0,subset_48_02.png
0,subset_7_04.png
0,subset_38_22.png
0,subset_45_40.png
0,subset_51_24.png
0,subset_51_02.png
0,subset_47_44.png
0,subset_29_55.png
0,subset_25_53.png
0,subset_18_42.png
0,subset_39_54.png
0,subset_37_44.png
0,subset_52_43.png
0,subset_51_12.png
0,subset_20_31.png
0,subset_11_23.png
0,subset_9_51.png
0,subset_10_41.png
0,subset_51_53.png
0,subset_21_24.png
0,subset_46_11.png
0,subset_22_53.png
0,subset_31_02.png
0,subset_8_35.png
0,subset_44_14.png
0,subset_45_21.png
0,subset_17_35.png
0,subset_39_05.png
0,subset_16_01.png
0,subset_16_02.png
0,subset_17_10.png
0,subset_42_51.png
1,subset_24_45.png
1,subset_52_05.png
0,subset_22_11.png
0,subset_4_23.png
0,subset_32_21.png
0,subset_16_53.png
0,subset_27_50.png
0,subset_22_31.png
0,subset_32_30.png
0,subset_0_45.png
0,subset_38_44.png
0,subset_34_25.png
0,subset_51_34.png
0,subset_25_04.png
0,subset_49_04.png
0,subset_8_13.png
0,subset_30_31.png
0,subset_38_42.png
0,subset_43_55.png
1,subset_31_10.png
0,subset_48_55.png
0,subset_42_40.png
0,subset_5_20.png
0,subset_11_45.png
0,subset_28_22.png
0,subset_33_50.png
0,subset_20_21.png
1,subset_42_54.png
0,subset_1_42.png
0,subset_49_45.png
0,subset_49_14.png
0,subset_21_34.png
0,subset_41_30.png
0,subset_23_51.png
0,subset_20_25.png
0,subset_5_01.png
0,subset_23_50.png
0,subset_52_13.png
0,subset_12_52.png
0,subset_43_35.png
0,subset_24_42.png
0,subset_26_24.png
1,subset_22_55.png
0,subset_46_30.png
0,subset_25_11.png
0,subset_4_35.png
0,subset_34_52.png
0,subset_3_35.png
0,subset_30_44.png
0,subset_24_10.png
0,subset_45_04.png
1,subset_29_13.png
0,subset_2_02.png
0,subset_8_31.png
0,subset_17_12.png
0,subset_25_22.png
0,subset_36_43.png
0,subset_39_43.png
0,subset_38_15.png
0,subset_27_51.png
0,subset_2_30.png
0,subset_45_23.png
0,subset_50_53.png
0,subset_46_51.png
0,subset_15_32.png
0,subset_51_55.png
0,subset_21_30.png
0,subset_18_53.png
0,subset_12_03.png
0,subset_39_24.png
0,subset_26_30.png
0,subset_45_42.png
0,subset_26_14.png
0,subset_49_35.png
0,subset_15_01.png
0,subset_1_24.png
0,subset_38_32.png
0,subset_16_25.png
0,subset_51_04.png
0,subset_46_00.png
0,subset_6_12.png
0,subset_50_05.png
0,subset_48_21.png
0,subset_8_55.png
0,subset_28_05.png
0,subset_5_34.png
0,subset_4_13.png
0,subset_3_00.png
0,subset_51_33.png
0,subset_0_43.png
0,subset_16_43.png
0,subset_40_04.png
0,subset_9_24.png
0,subset_40_13.png
0,subset_16_10.png
0,subset_46_25.png
0,subset_35_02.png
0,subset_21_40.png
0,subset_16_34.png
0,subset_25_20.png
0,subset_27_32.png
0,subset_47_05.png
0,subset_23_12.png
1,subset_37_55.png
0,subset_41_03.png
0,subset_30_45.png
0,subset_8_12.png
0,subset_15_12.png
0,subset_24_34.png
0,subset_50_24.png
0,subset_47_22.png
1,subset_29_05.png
0,subset_27_41.png
1,subset_15_55.png
0,subset_7_45.png
0,subset_23_10.png
0,subset_15_11.png
0,subset_37_43.png
0,subset_25_13.png
0,subset_33_53.png
0,subset_40_15.png
0,subset_52_14.png
0,subset_36_25.png
0,subset_4_04.png
0,subset_7_52.png
0,subset_22_05.png
0,subset_18_54.png
0,subset_50_31.png
0,subset_34_04.png
1,subset_36_15.png
0,subset_39_44.png
0,subset_24_21.png
0,subset_2_20.png
0,subset_8_22.png
0,subset_46_05.png
1,subset_20_40.png
0,subset_47_52.png
0,subset_23_32.png
1,subset_51_05.png
0,subset_45_45.png
0,subset_3_40.png
0,subset_41_13.png
0,subset_37_15.png
1,subset_34_45.png
0,subset_1_54.png
0,subset_29_54.png
0,subset_46_44.png
0,subset_28_04.png
0,subset_23_00.png
0,subset_16_14.png
0,subset_42_43.png
0,subset_43_13.png
0,subset_36_02.png
0,subset_38_05.png
0,subset_8_54.png
0,subset_48_24.png
0,subset_34_00.png
0,subset_0_34.png
0,subset_43_30.png
0,subset_2_10.png
0,subset_47_00.png
0,subset_23_05.png
0,subset_15_21.png
0,subset_11_44.png
0,subset_49_54.png
0,subset_17_34.png
0,subset_16_00.png
0,subset_0_05.png
0,subset_46_15.png
0,subset_42_52.png
0,subset_24_23.png
0,subset_50_51.png
0,subset_42_03.png
0,subset_15_14.png
0,subset_4_43.png
0,subset_32_14.png
0,subset_36_45.png
0,subset_34_32.png
0,subset_2_05.png
0,subset_49_12.png
0,subset_41_50.png
0,subset_49_44.png
0,subset_41_02.png
0,subset_24_43.png
0,subset_45_15.png
0,subset_5_13.png
0,subset_31_35.png
0,subset_43_54.png
1,subset_10_51.png
0,subset_44_21.png
0,subset_35_50.png
0,subset_28_25.png
0,subset_26_45.png
0,subset_11_00.png
0,subset_8_42.png
1,subset_25_24.png
0,subset_43_31.png
0,subset_15_52.png
0,subset_21_33.png
0,subset_11_50.png
0,subset_9_31.png
0,subset_50_02.png
0,subset_39_13.png
0,subset_26_23.png
1,subset_35_30.png
0,subset_24_01.png
0,subset_3_15.png
0,subset_38_51.png
0,subset_45_54.png
0,subset_10_50.png
0,subset_50_50.png
0,subset_48_23.png
0,subset_30_23.png
0,subset_50_11.png
0,subset_50_10.png
0,subset_32_54.png
0,subset_46_55.png
0,subset_40_54.png
0,subset_25_21.png
0,subset_36_41.png
0,subset_52_04.png
0,subset_12_25.png
0,subset_15_35.png
0,subset_21_41.png
0,subset_11_20.png
0,subset_28_44.png
0,subset_32_41.png
0,subset_17_32.png
0,subset_37_34.png
0,subset_30_24.png
0,subset_42_11.png
0,subset_25_51.png
0,subset_1_00.png
0,subset_10_53.png
0,subset_7_50.png
0,subset_29_45.png
0,subset_44_15.png
0,subset_48_01.png
0,subset_12_13.png
0,subset_51_50.png
0,subset_22_41.png
0,subset_2_40.png
0,subset_30_34.png
0,subset_36_35.png
0,subset_2_42.png
0,subset_44_13.png
0,subset_28_54.png
0,subset_41_33.png
0,subset_48_42.png
0,subset_50_54.png
0,subset_52_03.png
0,subset_27_45.png
0,subset_4_24.png
0,subset_35_13.png
0,subset_32_55.png
0,subset_40_33.png
0,subset_15_10.png
1,subset_5_02.png
0,subset_46_42.png
0,subset_24_51.png
0,subset_8_43.png
0,subset_45_24.png
0,subset_6_35.png
0,subset_47_12.png
0,subset_11_42.png
0,subset_47_40.png
0,subset_18_25.png
1,subset_3_55.png
0,subset_0_31.png
0,subset_12_10.png
0,subset_34_41.png
0,subset_32_51.png
0,subset_17_13.png
0,subset_43_01.png
0,subset_48_14.png
0,subset_42_20.png
0,subset_42_53.png
1,subset_20_34.png
0,subset_6_54.png
0,subset_40_03.png
0,subset_52_12.png
0,subset_48_41.png
0,subset_34_44.png
0,subset_7_02.png
0,subset_35_45.png
0,subset_24_30.png
0,subset_34_11.png
0,subset_28_33.png
0,subset_31_22.png
0,subset_2_50.png
0,subset_51_42.png
0,subset_48_10.png
0,subset_41_00.png
0,subset_46_04.png
0,subset_28_11.png
0,subset_37_03.png
0,subset_35_42.png
1,subset_29_23.png
0,subset_22_03.png
0,subset_35_23.png
0,subset_4_20.png
0,subset_34_30.png
0,subset_47_54.png
0,subset_8_32.png
0,subset_51_43.png
0,subset_36_24.png
0,subset_11_13.png
0,subset_38_25.png
0,subset_32_43.png
0,subset_27_12.png
0,subset_29_53.png
0,subset_9_15.png
0,subset_50_40.png
0,subset_38_52.png
1,subset_32_23.png
0,subset_47_04.png
0,subset_28_15.png
0,subset_41_32.png
0,subset_23_43.png
0,subset_30_55.png
0,subset_50_20.png
0,subset_42_00.png
0,subset_2_33.png
0,subset_23_11.png
0,subset_22_15.png
0,subset_21_35.png
0,subset_50_00.png
0,subset_41_40.png
0,subset_49_01.png
0,subset_8_45.png
0,subset_6_03.png
0,subset_4_45.png
0,subset_5_24.png
0,subset_44_35.png
0,subset_23_54.png
0,subset_47_41.png
0,subset_20_10.png
0,subset_35_55.png
0,subset_22_21.png
0,subset_32_13.png
0,subset_10_42.png
0,subset_7_34.png
0,subset_17_11.png
0,subset_10_33.png
0,subset_25_52.png
0,subset_20_03.png
0,subset_5_12.png
0,subset_40_22.png
0,subset_46_35.png
0,subset_34_02.png
0,subset_12_22.png
0,subset_45_14.png
0,subset_26_21.png
0,subset_28_10.png
0,subset_38_13.png
0,subset_45_25.png
0,subset_43_45.png
0,subset_43_42.png
0,subset_28_02.png
0,subset_33_42.png
0,subset_7_43.png
0,subset_37_32.png
0,subset_41_31.png
0,subset_21_22.png
0,subset_34_35.png
0,subset_1_22.png
0,subset_20_43.png
0,subset_30_25.png
0,subset_51_40.png
0,subset_18_34.png
0,subset_44_31.png
0,subset_34_21.png
0,subset_42_12.png
0,subset_2_03.png
0,subset_1_14.png
0,subset_42_44.png
0,subset_34_22.png
0,subset_30_21.png
0,subset_34_53.png
0,subset_23_34.png
0,subset_30_43.png
0,subset_49_10.png
0,subset_52_44.png
0,subset_1_12.png
0,subset_12_04.png
0,subset_39_41.png
0,subset_31_51.png
0,subset_22_43.png
1,subset_29_22.png
0,subset_9_30.png
0,subset_18_35.png
1,subset_26_33.png
0,subset_43_53.png
0,subset_39_40.png
1,subset_39_00.png
0,subset_35_51.png
0,subset_7_51.png
0,subset_52_23.png
0,subset_10_20.png
0,subset_33_35.png
0,subset_24_32.png
0,subset_33_32.png
0,subset_47_14.png
0,subset_52_00.png
0,subset_34_50.png
0,subset_36_20.png
0,subset_33_43.png
0,subset_35_20.png
0,subset_2_13.png
0,subset_34_42.png
0,subset_29_30.png
0,subset_32_24.png
0,subset_20_45.png
0,subset_20_53.png
0,subset_42_22.png
0,subset_51_35.png
0,subset_9_40.png
0,subset_29_15.png
0,subset_27_21.png
0,subset_43_11.png
0,subset_17_33.png
0,subset_38_41.png
0,subset_7_55.png
0,subset_24_02.png
0,subset_39_35.png
0,subset_0_10.png
0,subset_31_53.png
0,subset_36_54.png
0,subset_52_25.png
0,subset_9_03.png
0,subset_37_23.png
0,subset_23_53.png
0,subset_32_10.png
0,subset_26_01.png
0,subset_34_05.png
0,subset_37_31.png
0,subset_25_01.png
0,subset_7_42.png
0,subset_9_04.png
1,subset_38_00.png
0,subset_8_40.png
0,subset_30_14.png
0,subset_47_31.png
0,subset_3_03.png
0,subset_44_41.png
0,subset_37_12.png
0,subset_50_45.png
0,subset_2_31.png
0,subset_18_02.png
0,subset_25_12.png
0,subset_28_52.png
0,subset_46_52.png
0,subset_23_40.png
0,subset_10_22.png
0,subset_50_33.png
0,subset_47_25.png
0,subset_43_10.png
0,subset_52_52.png
0,subset_45_44.png
0,subset_7_20.png
0,subset_7_25.png
1,subset_0_03.png
0,subset_52_02.png
0,subset_27_13.png
0,subset_47_02.png
0,subset_22_32.png
0,subset_50_01.png
0,subset_33_40.png
0,subset_4_25.png
0,subset_10_55.png
0,subset_45_32.png
0,subset_28_20.png
0,subset_33_05.png
0,subset_52_41.png
0,subset_10_15.png
0,subset_6_02.png
0,subset_5_31.png
0,subset_21_13.png
0,subset_41_43.png
0,subset_27_04.png
0,subset_26_25.png
0,subset_37_24.png
0,subset_27_35.png
0,subset_42_31.png
0,subset_49_42.png
0,subset_44_51.png
0,subset_35_40.png
0,subset_31_50.png
0,subset_32_42.png
0,subset_46_33.png
0,subset_49_00.png
0,subset_22_01.png
0,subset_8_15.png
0,subset_48_33.png
0,subset_23_31.png
0,subset_26_53.png
0,subset_32_03.png
0,subset_18_55.png
0,subset_52_15.png
0,subset_20_35.png
0,subset_5_00.png
0,subset_1_43.png
0,subset_27_54.png
0,subset_12_11.png
0,subset_50_52.png
0,subset_5_05.png
1,subset_6_42.png
0,subset_45_02.png
0,subset_4_00.png
0,subset_35_04.png
0,subset_22_54.png
1,subset_30_50.png
0,subset_28_01.png
0,subset_50_34.png
0,subset_2_52.png
0,subset_7_14.png
0,subset_21_42.png
0,subset_37_30.png
0,subset_16_44.png
0,subset_39_53.png
0,subset_16_33.png
0,subset_43_22.png
0,subset_6_53.png
1,subset_20_33.png
0,subset_5_25.png
0,subset_24_11.png
0,subset_18_44.png
0,subset_52_40.png
0,subset_17_03.png
0,subset_40_41.png
0,subset_9_42.png
0,subset_30_00.png
0,subset_5_10.png
0,subset_38_34.png
0,subset_31_11.png
0,subset_6_23.png
0,subset_10_00.png
0,subset_18_01.png
0,subset_25_42.png
1,subset_16_55.png
0,subset_7_21.png
0,subset_46_22.png
0,subset_37_04.png
0,subset_0_20.png
0,subset_3_43.png
0,subset_6_55.png
1,subset_43_14.png
0,subset_25_40.png
0,subset_44_50.png
0,subset_4_01.png
0,subset_50_22.png
0,subset_52_21.png
0,subset_3_42.png
0,subset_47_23.png
0,subset_24_05.png
0,subset_38_40.png
0,subset_48_03.png
0,subset_2_32.png
0,subset_46_43.png
0,subset_40_44.png
0,subset_51_21.png
0,subset_1_03.png
0,subset_25_43.png
0,subset_18_52.png
0,subset_39_12.png
0,subset_38_30.png
0,subset_12_34.png
0,subset_41_12.png
0,subset_52_01.png
0,subset_34_54.png
0,subset_52_45.png
0,subset_44_55.png
0,subset_35_25.png
0,subset_7_44.png
0,subset_35_31.png
0,subset_9_05.png
0,subset_12_53.png
0,subset_47_43.png
0,subset_12_44.png
0,subset_11_05.png
0,subset_40_34.png
0,subset_43_51.png
0,subset_23_15.png
1,subset_6_05.png
0,subset_27_44.png
0,subset_1_33.png
1,subset_26_50.png
0,subset_21_20.png
0,subset_45_31.png
0,subset_40_52.png
1,subset_8_05.png
1,subset_25_23.png
0,subset_31_01.png
0,subset_52_22.png
0,subset_36_51.png
0,subset_47_45.png
0,subset_11_33.png
0,subset_5_22.png
0,subset_39_34.png
0,subset_4_12.png
0,subset_45_05.png
0,subset_35_12.png
0,subset_33_14.png
0,subset_39_10.png
0,subset_38_55.png
0,subset_29_31.png
0,subset_26_04.png
0,subset_7_30.png
0,subset_5_14.png
0,subset_30_54.png
0,subset_38_03.png
0,subset_2_41.png
0,subset_7_22.png
0,subset_23_25.png
0,subset_25_10.png
0,subset_44_12.png
1,subset_27_05.png
0,subset_30_04.png
0,subset_48_45.png
0,subset_28_13.png
0,subset_31_32.png
0,subset_49_05.png
0,subset_16_11.png
0,subset_42_01.png
0,subset_12_01.png
0,subset_23_52.png
0,subset_16_31.png
0,subset_29_03.png
0,subset_51_03.png
0,subset_7_13.png
0,subset_4_34.png
0,subset_10_40.png
0,subset_10_52.png
0,subset_20_41.png
0,subset_36_00.png
0,subset_15_42.png
0,subset_15_54.png
0,subset_33_55.png
0,subset_32_11.png
0,subset_40_01.png
0,subset_48_00.png
0,subset_32_12.png
0,subset_44_54.png
0,subset_6_41.png
0,subset_6_22.png
0,subset_48_04.png
0,subset_40_32.png
0,subset_3_31.png
0,subset_1_45.png
0,subset_40_45.png
0,subset_33_20.png
0,subset_29_21.png
0,subset_25_03.png
0,subset_5_40.png
0,subset_16_04.png
0,subset_37_10.png
0,subset_51_11.png
0,subset_2_45.png
0,subset_18_51.png
0,subset_50_42.png
0,subset_32_32.png
0,subset_16_24.png
0,subset_20_13.png
0,subset_15_51.png
0,subset_6_31.png
0,subset_39_55.png
0,subset_35_22.png
0,subset_31_20.png
1,subset_1_05.png
0,subset_40_30.png
0,subset_39_20.png
0,subset_34_01.png
0,subset_11_11.png
0,subset_30_05.png
0,subset_31_15.png
0,subset_40_23.png
0,subset_43_40.png
0,subset_2_54.png
0,subset_33_00.png
0,subset_8_23.png
0,subset_35_03.png
0,subset_26_13.png
0,subset_32_25.png
0,subset_17_24.png
0,subset_15_00.png
1,subset_29_32.png
0,subset_3_25.png
0,subset_6_40.png
0,subset_39_51.png
0,subset_3_53.png
0,subset_30_20.png
1,subset_4_41.png
0,subset_45_33.png
0,subset_8_04.png
1,subset_26_42.png
0,subset_25_41.png
0,subset_5_42.png
0,subset_41_24.png
0,subset_32_52.png
0,subset_35_32.png
0,subset_38_02.png
0,subset_43_41.png
0,subset_37_33.png
0,subset_38_14.png
0,subset_29_50.png
0,subset_28_35.png
0,subset_9_11.png
0,subset_12_40.png
0,subset_42_24.png
1,subset_28_30.png
0,subset_12_51.png
0,subset_46_02.png
1,subset_0_02.png
0,subset_31_14.png
0,subset_46_13.png
0,subset_1_53.png
0,subset_46_45.png
0,subset_36_23.png
1,subset_17_50.png
0,subset_22_14.png
0,subset_50_32.png
0,subset_30_42.png
0,subset_16_30.png
0,subset_9_23.png
0,subset_29_12.png
1,subset_20_33_aug_0.png
1,subset_20_51_aug_1.png
1,subset_36_15_aug_2.png
1,subset_35_30_aug_3.png
1,subset_25_23_aug_4.png
1,subset_20_33_aug_5.png
1,subset_37_55_aug_6.png
1,subset_29_22_aug_7.png
1,subset_25_14_aug_8.png
1,subset_20_40_aug_9.png
1,subset_20_34_aug_10.png
1,subset_20_51_aug_11.png
1,subset_25_14_aug_12.png
1,subset_6_42_aug_13.png
1,subset_24_45_aug_14.png
1,subset_16_55_aug_15.png
1,subset_8_05_aug_16.png
1,subset_15_55_aug_17.png
1,subset_26_50_aug_18.png
1,subset_20_34_aug_19.png
1,subset_43_14_aug_20.png
1,subset_26_33_aug_21.png
1,subset_1_05_aug_22.png
1,subset_26_42_aug_23.png
1,subset_20_34_aug_24.png
1,subset_22_55_aug_25.png
1,subset_30_50_aug_26.png
1,subset_42_54_aug_27.png
1,subset_38_00_aug_28.png
1,subset_25_24_aug_29.png
1,subset_37_55_aug_30.png
1,subset_0_13_aug_31.png
1,subset_20_51_aug_32.png
1,subset_17_50_aug_33.png
1,subset_20_51_aug_34.png
1,subset_24_45_aug_35.png
1,subset_31_10_aug_36.png
1,subset_4_54_aug_37.png
1,subset_29_13_aug_38.png
1,subset_25_23_aug_39.png
1,subset_4_41_aug_40.png
1,subset_31_10_aug_41.png
1,subset_31_10_aug_42.png
1,subset_24_53_aug_43.png
1,subset_52_05_aug_44.png
1,subset_48_50_aug_45.png
1,subset_51_05_aug_46.png
1,subset_30_50_aug_47.png
1,subset_22_55_aug_48.png
1,subset_30_50_aug_49.png
1,subset_4_41_aug_50.png
1,subset_6_05_aug_51.png
1,subset_25_33_aug_52.png
1,subset_0_03_aug_53.png
1,subset_25_33_aug_54.png
1,subset_16_55_aug_55.png
1,subset_43_14_aug_56.png
1,subset_3_45_aug_57.png
1,subset_43_14_aug_58.png
1,subset_6_05_aug_59.png
1,subset_37_55_aug_60.png
1,subset_32_23_aug_61.png
1,subset_20_40_aug_62.png
1,subset_4_54_aug_63.png
1,subset_39_00_aug_64.png
1,subset_28_30_aug_65.png
1,subset_29_05_aug_66.png
1,subset_26_33_aug_67.png
1,subset_20_34_aug_68.png
1,subset_17_50_aug_69.png
1,subset_1_05_aug_70.png
1,subset_4_54_aug_71.png
1,subset_25_23_aug_72.png
1,subset_30_50_aug_73.png
1,subset_31_10_aug_74.png
1,subset_48_50_aug_75.png
1,subset_37_55_aug_76.png
1,subset_6_42_aug_77.png
1,subset_24_45_aug_78.png
1,subset_29_23_aug_79.png
1,subset_4_54_aug_80.png
1,subset_8_05_aug_81.png
1,subset_32_23_aug_82.png
1,subset_0_24_aug_83.png
1,subset_26_42_aug_84.png
1,subset_6_42_aug_85.png
1,subset_34_45_aug_86.png
1,subset_29_05_aug_87.png
1,subset_0_24_aug_88.png
1,subset_22_55_aug_89.png
1,subset_15_55_aug_90.png
1,subset_29_05_aug_91.png
1,subset_8_05_aug_92.png
1,subset_22_55_aug_93.png
1,subset_17_50_aug_94.png
1,subset_20_51_aug_95.png
1,subset_38_00_aug_96.png
1,subset_26_42_aug_97.png
1,subset_15_55_aug_98.png
1,subset_43_14_aug_99.png
1,subset_15_55_aug_100.png
1,subset_30_50_aug_101.png
1,subset_37_55_aug_102.png
1,subset_32_23_aug_103.png
1,subset_34_45_aug_104.png
1,subset_4_41_aug_105.png
1,subset_42_54_aug_106.png
1,subset_4_41_aug_107.png
1,subset_0_13_aug_108.png
1,subset_27_05_aug_109.png
1,subset_29_05_aug_110.png
1,subset_17_50_aug_111.png
1,subset_6_42_aug_112.png
1,subset_5_02_aug_113.png
1,subset_39_00_aug_114.png
1,subset_25_33_aug_115.png
1,subset_37_55_aug_116.png
1,subset_0_13_aug_117.png
1,subset_43_14_aug_118.png
1,subset_29_23_aug_119.png
1,subset_38_00_aug_120.png
1,subset_15_55_aug_121.png
1,subset_31_10_aug_122.png
1,subset_8_05_aug_123.png
1,subset_25_23_aug_124.png
1,subset_4_41_aug_125.png
1,subset_0_24_aug_126.png
1,subset_29_23_aug_127.png
1,subset_0_24_aug_128.png
1,subset_42_54_aug_129.png
1,subset_39_00_aug_130.png
1,subset_8_05_aug_131.png
1,subset_3_45_aug_132.png
1,subset_1_05_aug_133.png
1,subset_15_55_aug_134.png
1,subset_5_02_aug_135.png
1,subset_24_45_aug_136.png
1,subset_29_05_aug_137.png
1,subset_52_05_aug_138.png
1,subset_26_50_aug_139.png
1,subset_38_00_aug_140.png
1,subset_0_03_aug_141.png
1,subset_48_50_aug_142.png
1,subset_22_55_aug_143.png
1,subset_0_13_aug_144.png
1,subset_30_50_aug_145.png
1,subset_6_05_aug_146.png
1,subset_26_42_aug_147.png
1,subset_6_42_aug_148.png
1,subset_24_45_aug_149.png
1,subset_20_51_aug_150.png
1,subset_20_34_aug_151.png
1,subset_37_55_aug_152.png
1,subset_29_23_aug_153.png
1,subset_6_42_aug_154.png
1,subset_51_05_aug_155.png
1,subset_48_50_aug_156.png
1,subset_52_05_aug_157.png
1,subset_38_00_aug_158.png
1,subset_26_42_aug_159.png
1,subset_43_14_aug_160.png
1,subset_20_40_aug_161.png
1,subset_3_45_aug_162.png
1,subset_20_33_aug_163.png
1,subset_29_32_aug_164.png
1,subset_0_02_aug_165.png
1,subset_1_05_aug_166.png
1,subset_0_13_aug_167.png
1,subset_29_32_aug_168.png
1,subset_29_22_aug_169.png
1,subset_51_05_aug_170.png
1,subset_43_14_aug_171.png
1,subset_25_24_aug_172.png
1,subset_6_00_aug_173.png
1,subset_32_23_aug_174.png
1,subset_10_51_aug_175.png
1,subset_42_54_aug_176.png
1,subset_32_23_aug_177.png
1,subset_30_50_aug_178.png
1,subset_29_05_aug_179.png
1,subset_0_03_aug_180.png
1,subset_36_15_aug_181.png
1,subset_32_23_aug_182.png
1,subset_22_55_aug_183.png
1,subset_48_50_aug_184.png
1,subset_29_22_aug_185.png
1,subset_26_42_aug_186.png
1,subset_6_42_aug_187.png
1,subset_48_50_aug_188.png
1,subset_32_23_aug_189.png
1,subset_28_30_aug_190.png
1,subset_26_42_aug_191.png
1,subset_5_02_aug_192.png
1,subset_4_54_aug_193.png
1,subset_29_32_aug_194.png
1,subset_25_23_aug_195.png
1,subset_25_33_aug_196.png
1,subset_0_02_aug_197.png
1,subset_25_33_aug_198.png
1,subset_4_41_aug_199.png
1,subset_20_40_aug_200.png
1,subset_31_10_aug_201.png
1,subset_28_30_aug_202.png
1,subset_29_13_aug_203.png
1,subset_3_55_aug_204.png
1,subset_28_30_aug_205.png
1,subset_0_02_aug_206.png
1,subset_37_55_aug_207.png
1,subset_26_42_aug_208.png
1,subset_17_50_aug_209.png
1,subset_25_24_aug_210.png
1,subset_17_50_aug_211.png
1,subset_27_05_aug_212.png
1,subset_51_05_aug_213.png
1,subset_29_23_aug_214.png
1,subset_29_32_aug_215.png
1,subset_48_50_aug_216.png
1,subset_30_50_aug_217.png
1,subset_24_53_aug_218.png
1,subset_25_33_aug_219.png
1,subset_34_45_aug_220.png
1,subset_8_05_aug_221.png
1,subset_6_00_aug_222.png
1,subset_34_45_aug_223.png
1,subset_34_45_aug_224.png
1,subset_28_30_aug_225.png
1,subset_38_00_aug_226.png
1,subset_29_32_aug_227.png
1,subset_25_24_aug_228.png
1,subset_38_00_aug_229.png
1,subset_26_42_aug_230.png
1,subset_31_10_aug_231.png
1,subset_4_54_aug_232.png
1,subset_24_45_aug_233.png
1,subset_29_05_aug_234.png
1,subset_38_00_aug_235.png
1,subset_29_23_aug_236.png
1,subset_27_05_aug_237.png
1,subset_43_14_aug_238.png
1,subset_30_50_aug_239.png
1,subset_28_30_aug_240.png
1,subset_25_33_aug_241.png
1,subset_0_13_aug_242.png
1,subset_0_02_aug_243.png
1,subset_6_42_aug_244.png
1,subset_38_00_aug_245.png
1,subset_38_00_aug_246.png
1,subset_0_02_aug_247.png
1,subset_38_00_aug_248.png
1,subset_20_40_aug_249.png
1,subset_29_32_aug_250.png
1,subset_34_45_aug_251.png
1,subset_8_05_aug_252.png
1,subset_42_54_aug_253.png
1,subset_29_13_aug_254.png
1,subset_24_45_aug_255.png
1,subset_30_50_aug_256.png
1,subset_25_24_aug_257.png
1,subset_10_51_aug_258.png
1,subset_39_00_aug_259.png
1,subset_6_42_aug_260.png
1,subset_0_02_aug_261.png
1,subset_24_53_aug_262.png
1,subset_22_55_aug_263.png
1,subset_29_13_aug_264.png
1,subset_28_30_aug_265.png
1,subset_0_03_aug_266.png
1,subset_26_50_aug_267.png
1,subset_25_23_aug_268.png
1,subset_6_42_aug_269.png
1,subset_0_24_aug_270.png
1,subset_6_05_aug_271.png
1,subset_16_55_aug_272.png
1,subset_5_02_aug_273.png
1,subset_51_05_aug_274.png
1,subset_29_05_aug_275.png
1,subset_24_53_aug_276.png
1,subset_6_00_aug_277.png
1,subset_32_23_aug_278.png
1,subset_34_45_aug_279.png
1,subset_20_40_aug_280.png
1,subset_25_24_aug_281.png
1,subset_39_00_aug_282.png
1,subset_15_55_aug_283.png
1,subset_43_14_aug_284.png
1,subset_52_05_aug_285.png
1,subset_20_34_aug_286.png
1,subset_31_10_aug_287.png
1,subset_20_51_aug_288.png
1,subset_31_10_aug_289.png
1,subset_5_02_aug_290.png
1,subset_39_00_aug_291.png
1,subset_17_50_aug_292.png
1,subset_5_02_aug_293.png
1,subset_15_55_aug_294.png
1,subset_25_23_aug_295.png
1,subset_39_00_aug_296.png
1,subset_17_50_aug_297.png
1,subset_5_02_aug_298.png
1,subset_29_32_aug_299.png
1,subset_29_32_aug_300.png
1,subset_20_33_aug_301.png
1,subset_26_50_aug_302.png
1,subset_8_05_aug_303.png
1,subset_3_45_aug_304.png
1,subset_20_34_aug_305.png
1,subset_24_45_aug_306.png
1,subset_4_54_aug_307.png
1,subset_29_13_aug_308.png
1,subset_6_00_aug_309.png
1,subset_31_10_aug_310.png
1,subset_20_34_aug_311.png
1,subset_20_33_aug_312.png
1,subset_24_45_aug_313.png
1,subset_4_41_aug_314.png
1,subset_27_05_aug_315.png
1,subset_52_05_aug_316.png
1,subset_42_54_aug_317.png
1,subset_16_55_aug_318.png
1,subset_38_00_aug_319.png
1,subset_25_33_aug_320.png
1,subset_34_45_aug_321.png
1,subset_37_55_aug_322.png
1,subset_0_02_aug_323.png
1,subset_1_05_aug_324.png
1,subset_31_10_aug_325.png
1,subset_0_24_aug_326.png
1,subset_16_55_aug_327.png
1,subset_0_24_aug_328.png
1,subset_51_05_aug_329.png
1,subset_6_00_aug_330.png
1,subset_15_55_aug_331.png
1,subset_20_34_aug_332.png
1,subset_6_42_aug_333.png
1,subset_52_05_aug_334.png
1,subset_20_34_aug_335.png
1,subset_3_45_aug_336.png
1,subset_26_50_aug_337.png
1,subset_5_02_aug_338.png
1,subset_37_55_aug_339.png
1,subset_29_32_aug_340.png
1,subset_4_41_aug_341.png
1,subset_29_23_aug_342.png
1,subset_6_42_aug_343.png
1,subset_0_02_aug_344.png
1,subset_20_40_aug_345.png
1,subset_4_41_aug_346.png
1,subset_34_45_aug_347.png
1,subset_30_50_aug_348.png
1,subset_24_53_aug_349.png
1,subset_3_55_aug_350.png
1,subset_16_55_aug_351.png
1,subset_3_45_aug_352.png
1,subset_51_05_aug_353.png
1,subset_20_34_aug_354.png
1,subset_29_05_aug_355.png
1,subset_22_55_aug_356.png
1,subset_6_05_aug_357.png
1,subset_24_45_aug_358.png
1,subset_36_15_aug_359.png
1,subset_31_10_aug_360.png
1,subset_15_55_aug_361.png
1,subset_0_02_aug_362.png
1,subset_0_02_aug_363.png
1,subset_20_33_aug_364.png
1,subset_6_42_aug_365.png
1,subset_26_50_aug_366.png
1,subset_25_24_aug_367.png
1,subset_10_51_aug_368.png
1,subset_8_05_aug_369.png
1,subset_4_54_aug_370.png
1,subset_35_30_aug_371.png
1,subset_29_13_aug_372.png
1,subset_34_45_aug_373.png
1,subset_24_53_aug_374.png
1,subset_4_41_aug_375.png
1,subset_6_42_aug_376.png
1,subset_42_54_aug_377.png
1,subset_0_24_aug_378.png
1,subset_22_55_aug_379.png
1,subset_39_00_aug_380.png
1,subset_20_34_aug_381.png
1,subset_6_42_aug_382.png
1,subset_26_42_aug_383.png
1,subset_0_02_aug_384.png
1,subset_36_15_aug_385.png
1,subset_34_45_aug_386.png
1,subset_36_15_aug_387.png
1,subset_8_05_aug_388.png
1,subset_3_45_aug_389.png
1,subset_16_55_aug_390.png
1,subset_28_30_aug_391.png
1,subset_20_40_aug_392.png
1,subset_20_33_aug_393.png
1,subset_0_13_aug_394.png
1,subset_32_23_aug_395.png
1,subset_3_45_aug_396.png
1,subset_16_55_aug_397.png
1,subset_34_45_aug_398.png
1,subset_1_05_aug_399.png
1,subset_6_00_aug_400.png
1,subset_25_24_aug_401.png
1,subset_4_54_aug_402.png
1,subset_3_45_aug_403.png
1,subset_20_34_aug_404.png
1,subset_29_32_aug_405.png
1,subset_34_45_aug_406.png
1,subset_0_03_aug_407.png
1,subset_39_00_aug_408.png
1,subset_31_10_aug_409.png
1,subset_0_02_aug_410.png
1,subset_39_00_aug_411.png
1,subset_26_42_aug_412.png
1,subset_25_23_aug_413.png
1,subset_4_54_aug_414.png
1,subset_20_34_aug_415.png
1,subset_29_32_aug_416.png
1,subset_38_00_aug_417.png
1,subset_37_55_aug_418.png
1,subset_34_45_aug_419.png
1,subset_29_32_aug_420.png
1,subset_0_24_aug_421.png
1,subset_20_40_aug_422.png
1,subset_35_30_aug_423.png
1,subset_38_00_aug_424.png
1,subset_29_32_aug_425.png
1,subset_20_51_aug_426.png
1,subset_0_02_aug_427.png
1,subset_29_13_aug_428.png
1,subset_48_50_aug_429.png
1,subset_25_24_aug_430.png
1,subset_20_40_aug_431.png
1,subset_25_33_aug_432.png
1,subset_10_51_aug_433.png
1,subset_0_02_aug_434.png
1,subset_0_03_aug_435.png
1,subset_52_05_aug_436.png
1,subset_4_54_aug_437.png
1,subset_15_55_aug_438.png
1,subset_34_45_aug_439.png
1,subset_43_14_aug_440.png
1,subset_29_32_aug_441.png
1,subset_26_33_aug_442.png
1,subset_4_54_aug_443.png
1,subset_26_33_aug_444.png
1,subset_22_55_aug_445.png
1,subset_6_42_aug_446.png
1,subset_31_10_aug_447.png
1,subset_29_05_aug_448.png
1,subset_36_15_aug_449.png
1,subset_17_50_aug_450.png
1,subset_29_13_aug_451.png
1,subset_42_54_aug_452.png
1,subset_3_45_aug_453.png
1,subset_32_23_aug_454.png
1,subset_25_33_aug_455.png
1,subset_20_34_aug_456.png
1,subset_28_30_aug_457.png
1,subset_8_05_aug_458.png
1,subset_0_03_aug_459.png
1,subset_28_30_aug_460.png
1,subset_26_33_aug_461.png
1,subset_8_05_aug_462.png
1,subset_29_22_aug_463.png
1,subset_39_00_aug_464.png
1,subset_0_02_aug_465.png
1,subset_26_42_aug_466.png
1,subset_25_24_aug_467.png
1,subset_34_45_aug_468.png
1,subset_35_30_aug_469.png
1,subset_20_33_aug_470.png
1,subset_4_41_aug_471.png
1,subset_25_24_aug_472.png
1,subset_37_55_aug_473.png
1,subset_6_05_aug_474.png
1,subset_20_33_aug_475.png
1,subset_39_00_aug_476.png
1,subset_6_05_aug_477.png
1,subset_20_51_aug_478.png
1,subset_26_33_aug_479.png
1,subset_38_00_aug_480.png
1,subset_26_33_aug_481.png
1,subset_0_02_aug_482.png
1,subset_0_02_aug_483.png
1,subset_20_34_aug_484.png
1,subset_4_41_aug_485.png
1,subset_20_51_aug_486.png
1,subset_42_54_aug_487.png
1,subset_15_55_aug_488.png
1,subset_48_50_aug_489.png
1,subset_20_33_aug_490.png
1,subset_34_45_aug_491.png
1,subset_15_55_aug_492.png
1,subset_22_55_aug_493.png
1,subset_4_54_aug_494.png
1,subset_26_42_aug_495.png
1,subset_20_40_aug_496.png
1,subset_20_51_aug_497.png
1,subset_8_05_aug_498.png
1,subset_17_50_aug_499.png
1,subset_20_34_aug_500.png
1,subset_17_50_aug_501.png
1,subset_25_33_aug_502.png
1,subset_25_24_aug_503.png
1,subset_10_51_aug_504.png
1,subset_29_23_aug_505.png
1,subset_24_45_aug_506.png
1,subset_29_05_aug_507.png
1,subset_5_02_aug_508.png
1,subset_26_33_aug_509.png
1,subset_37_55_aug_510.png
1,subset_25_14_aug_511.png
1,subset_48_50_aug_512.png
1,subset_51_05_aug_513.png
1,subset_0_24_aug_514.png
1,subset_20_34_aug_515.png
1,subset_26_42_aug_516.png
1,subset_25_24_aug_517.png
1,subset_1_05_aug_518.png
1,subset_29_13_aug_519.png
1,subset_36_15_aug_520.png
1,subset_8_05_aug_521.png
1,subset_22_55_aug_522.png
1,subset_29_13_aug_523.png
1,subset_0_24_aug_524.png
1,subset_25_23_aug_525.png
1,subset_30_50_aug_526.png
1,subset_24_53_aug_527.png
1,subset_6_42_aug_528.png
1,subset_17_50_aug_529.png
1,subset_0_02_aug_530.png
1,subset_37_55_aug_531.png
1,subset_26_33_aug_532.png
1,subset_27_05_aug_533.png
1,subset_0_03_aug_534.png
1,subset_25_24_aug_535.png
1,subset_20_51_aug_536.png
1,subset_25_33_aug_537.png
1,subset_29_13_aug_538.png
1,subset_16_55_aug_539.png
1,subset_36_15_aug_540.png
1,subset_15_55_aug_541.png
1,subset_35_30_aug_542.png
1,subset_29_23_aug_543.png
1,subset_20_51_aug_544.png
1,subset_36_15_aug_545.png
1,subset_38_00_aug_546.png
1,subset_32_23_aug_547.png
1,subset_51_05_aug_548.png
1,subset_16_55_aug_549.png
1,subset_0_13_aug_550.png
1,subset_3_55_aug_551.png
1,subset_0_03_aug_552.png
1,subset_0_24_aug_553.png
1,subset_43_14_aug_554.png
1,subset_38_00_aug_555.png
1,subset_0_13_aug_556.png
1,subset_6_05_aug_557.png
1,subset_3_45_aug_558.png
1,subset_27_05_aug_559.png
1,subset_6_05_aug_560.png
1,subset_15_55_aug_561.png
1,subset_27_05_aug_562.png
1,subset_39_00_aug_563.png
1,subset_25_33_aug_564.png
1,subset_52_05_aug_565.png
1,subset_29_22_aug_566.png
1,subset_20_33_aug_567.png
1,subset_3_55_aug_568.png
1,subset_6_00_aug_569.png
1,subset_30_50_aug_570.png
1,subset_3_45_aug_571.png
1,subset_29_23_aug_572.png
1,subset_6_42_aug_573.png
1,subset_0_13_aug_574.png
1,subset_26_50_aug_575.png
1,subset_0_13_aug_576.png
1,subset_29_22_aug_577.png
1,subset_4_54_aug_578.png
1,subset_38_00_aug_579.png
1,subset_1_05_aug_580.png
1,subset_24_53_aug_581.png
1,subset_20_33_aug_582.png
1,subset_48_50_aug_583.png
1,subset_6_00_aug_584.png
1,subset_0_24_aug_585.png
1,subset_4_41_aug_586.png
1,subset_3_45_aug_587.png
1,subset_25_23_aug_588.png
1,subset_6_05_aug_589.png
1,subset_28_30_aug_590.png
1,subset_1_05_aug_591.png
1,subset_32_23_aug_592.png
1,subset_52_05_aug_593.png
1,subset_39_00_aug_594.png
1,subset_24_45_aug_595.png
1,subset_4_54_aug_596.png
1,subset_4_54_aug_597.png
1,subset_8_05_aug_598.png
1,subset_25_14_aug_599.png
1,subset_6_05_aug_600.png
1,subset_0_24_aug_601.png
1,subset_37_55_aug_602.png
1,subset_26_50_aug_603.png
1,subset_43_14_aug_604.png
1,subset_25_14_aug_605.png
1,subset_24_53_aug_606.png
1,subset_29_13_aug_607.png
1,subset_26_33_aug_608.png
1,subset_48_50_aug_609.png
1,subset_0_02_aug_610.png
1,subset_39_00_aug_611.png
1,subset_20_34_aug_612.png
1,subset_1_05_aug_613.png
1,subset_32_23_aug_614.png
1,subset_25_14_aug_615.png
1,subset_26_42_aug_616.png
1,subset_20_51_aug_617.png
1,subset_25_33_aug_618.png
1,subset_20_40_aug_619.png
1,subset_37_55_aug_620.png
1,subset_30_50_aug_621.png
1,subset_25_23_aug_622.png
1,subset_37_55_aug_623.png
1,subset_0_03_aug_624.png
1,subset_42_54_aug_625.png
1,subset_25_14_aug_626.png
1,subset_36_15_aug_627.png
1,subset_29_05_aug_628.png
1,subset_30_50_aug_629.png
1,subset_29_22_aug_630.png
1,subset_20_40_aug_631.png
1,subset_39_00_aug_632.png
1,subset_52_05_aug_633.png
1,subset_5_02_aug_634.png
1,subset_16_55_aug_635.png
1,subset_24_53_aug_636.png
1,subset_3_45_aug_637.png
1,subset_4_54_aug_638.png
1,subset_3_45_aug_639.png
1,subset_20_40_aug_640.png
1,subset_20_40_aug_641.png
1,subset_10_51_aug_642.png
1,subset_16_55_aug_643.png
1,subset_6_00_aug_644.png
1,subset_25_23_aug_645.png
1,subset_6_05_aug_646.png
1,subset_6_00_aug_647.png
1,subset_20_40_aug_648.png
1,subset_31_10_aug_649.png
1,subset_25_14_aug_650.png
1,subset_24_45_aug_651.png
1,subset_0_13_aug_652.png
1,subset_32_23_aug_653.png
1,subset_29_23_aug_654.png
1,subset_38_00_aug_655.png
1,subset_29_32_aug_656.png
1,subset_24_53_aug_657.png
1,subset_4_54_aug_658.png
1,subset_37_55_aug_659.png
1,subset_29_13_aug_660.png
1,subset_26_42_aug_661.png
1,subset_22_55_aug_662.png
1,subset_17_50_aug_663.png
1,subset_0_02_aug_664.png
1,subset_6_05_aug_665.png
1,subset_29_05_aug_666.png
1,subset_26_42_aug_667.png
1,subset_31_10_aug_668.png
1,subset_0_24_aug_669.png
1,subset_27_05_aug_670.png
1,subset_6_42_aug_671.png
1,subset_17_50_aug_672.png
1,subset_16_55_aug_673.png
1,subset_6_05_aug_674.png
1,subset_26_33_aug_675.png
1,subset_0_03_aug_676.png
1,subset_6_00_aug_677.png
1,subset_24_53_aug_678.png
1,subset_0_24_aug_679.png
1,subset_25_24_aug_680.png
1,subset_34_45_aug_681.png
1,subset_52_05_aug_682.png
1,subset_16_55_aug_683.png
1,subset_52_05_aug_684.png
1,subset_15_55_aug_685.png
1,subset_29_13_aug_686.png
1,subset_42_54_aug_687.png
1,subset_24_53_aug_688.png
1,subset_32_23_aug_689.png
1,subset_43_14_aug_690.png
1,subset_25_14_aug_691.png
1,subset_28_30_aug_692.png
1,subset_10_51_aug_693.png
1,subset_29_32_aug_694.png
1,subset_4_41_aug_695.png
1,subset_29_23_aug_696.png
1,subset_51_05_aug_697.png
1,subset_3_55_aug_698.png
1,subset_8_05_aug_699.png
1,subset_8_05_aug_700.png
1,subset_29_32_aug_701.png
1,subset_29_22_aug_702.png
1,subset_28_30_aug_703.png
1,subset_20_40_aug_704.png
1,subset_32_23_aug_705.png
1,subset_39_00_aug_706.png
1,subset_20_51_aug_707.png
1,subset_15_55_aug_708.png
1,subset_20_33_aug_709.png
1,subset_36_15_aug_710.png
1,subset_39_00_aug_711.png
1,subset_28_30_aug_712.png
1,subset_5_02_aug_713.png
1,subset_32_23_aug_714.png
1,subset_0_24_aug_715.png
1,subset_25_23_aug_716.png
1,subset_3_45_aug_717.png
1,subset_51_05_aug_718.png
1,subset_37_55_aug_719.png
1,subset_48_50_aug_720.png
1,subset_32_23_aug_721.png
1,subset_29_05_aug_722.png
1,subset_15_55_aug_723.png
1,subset_0_24_aug_724.png
1,subset_26_33_aug_725.png
1,subset_20_33_aug_726.png
1,subset_25_24_aug_727.png
1,subset_26_50_aug_728.png
1,subset_5_02_aug_729.png
1,subset_0_24_aug_730.png
1,subset_20_33_aug_731.png
1,subset_26_33_aug_732.png
1,subset_0_03_aug_733.png
1,subset_30_50_aug_734.png
1,subset_32_23_aug_735.png
1,subset_29_22_aug_736.png
1,subset_1_05_aug_737.png
1,subset_17_50_aug_738.png
1,subset_32_23_aug_739.png
1,subset_0_02_aug_740.png
1,subset_26_33_aug_741.png
1,subset_3_55_aug_742.png
1,subset_32_23_aug_743.png
1,subset_6_00_aug_744.png
1,subset_0_24_aug_745.png
1,subset_0_02_aug_746.png
1,subset_8_05_aug_747.png
1,subset_37_55_aug_748.png
1,subset_22_55_aug_749.png
1,subset_32_23_aug_750.png
1,subset_27_05_aug_751.png
1,subset_3_55_aug_752.png
1,subset_4_41_aug_753.png
1,subset_29_05_aug_754.png
1,subset_37_55_aug_755.png
1,subset_31_10_aug_756.png
1,subset_37_55_aug_757.png
1,subset_29_05_aug_758.png
1,subset_34_45_aug_759.png
1,subset_29_05_aug_760.png
1,subset_25_33_aug_761.png
1,subset_6_42_aug_762.png
1,subset_15_55_aug_763.png
1,subset_25_23_aug_764.png
1,subset_3_55_aug_765.png
1,subset_48_50_aug_766.png
1,subset_1_05_aug_767.png
1,subset_29_05_aug_768.png
1,subset_26_33_aug_769.png
1,subset_8_05_aug_770.png
1,subset_35_30_aug_771.png
1,subset_6_05_aug_772.png
1,subset_24_45_aug_773.png
1,subset_0_13_aug_774.png
1,subset_0_03_aug_775.png
1,subset_20_51_aug_776.png
1,subset_34_45_aug_777.png
1,subset_0_02_aug_778.png
1,subset_32_23_aug_779.png
1,subset_1_05_aug_780.png
1,subset_48_50_aug_781.png
1,subset_39_00_aug_782.png
1,subset_17_50_aug_783.png
1,subset_20_33_aug_784.png
1,subset_1_05_aug_785.png
1,subset_29_23_aug_786.png
1,subset_24_53_aug_787.png
1,subset_26_50_aug_788.png
1,subset_20_51_aug_789.png
1,subset_8_05_aug_790.png
1,subset_29_13_aug_791.png
1,subset_6_42_aug_792.png
1,subset_29_13_aug_793.png
1,subset_29_05_aug_794.png
1,subset_0_03_aug_795.png
1,subset_43_14_aug_796.png
1,subset_4_41_aug_797.png
1,subset_38_00_aug_798.png
1,subset_29_23_aug_799.png
1,subset_20_40_aug_800.png
1,subset_26_33_aug_801.png
1,subset_20_34_aug_802.png
1,subset_43_14_aug_803.png
1,subset_3_45_aug_804.png
1,subset_39_00_aug_805.png
1,subset_24_45_aug_806.png
1,subset_4_41_aug_807.png
1,subset_31_10_aug_808.png
1,subset_36_15_aug_809.png
1,subset_6_05_aug_810.png
1,subset_8_05_aug_811.png
1,subset_26_42_aug_812.png
1,subset_0_13_aug_813.png
1,subset_30_50_aug_814.png
1,subset_24_53_aug_815.png
1,subset_1_05_aug_816.png
1,subset_10_51_aug_817.png
1,subset_34_45_aug_818.png
1,subset_25_14_aug_819.png
1,subset_39_00_aug_820.png
1,subset_24_45_aug_821.png
1,subset_16_55_aug_822.png
1,subset_0_13_aug_823.png
1,subset_37_55_aug_824.png
1,subset_51_05_aug_825.png
1,subset_26_50_aug_826.png
1,subset_29_22_aug_827.png
1,subset_39_00_aug_828.png
1,subset_35_30_aug_829.png
1,subset_37_55_aug_830.png
1,subset_37_55_aug_831.png
1,subset_1_05_aug_832.png
1,subset_5_02_aug_833.png
1,subset_26_50_aug_834.png
1,subset_24_45_aug_835.png
1,subset_48_50_aug_836.png
1,subset_20_51_aug_837.png
1,subset_27_05_aug_838.png
1,subset_25_33_aug_839.png
1,subset_20_34_aug_840.png
1,subset_15_55_aug_841.png
1,subset_26_33_aug_842.png
1,subset_20_33_aug_843.png
1,subset_25_33_aug_844.png
1,subset_35_30_aug_845.png
1,subset_0_02_aug_846.png
